target,lgbm_oof_score
0,0.02798626609742187
1,0.8225905629480194
0,0.0063220288188936095
0,0.0012033450965030885
1,0.5860110902473159
0,0.026188152572968814
1,0.9682740187909324
1,0.8561851790469007
0,0.054485497515853056
0,0.32039604106021635
0,0.023115155088175042
1,0.3537285785070398
0,0.028061174954414618
1,0.9295885836517387
1,0.2715246462890579
1,0.8625795352309363
1,0.8881465730728402
0,0.27404517975602893
1,0.8991510518437879
1,0.6707967952872713
0,0.2668037243225078
1,0.9517443135650155
0,0.2668037243225078
0,0.00215530648606085
1,0.9301280457129383
1,0.9594295210131116
0,0.029759880615816196
1,0.8363811140783618
1,0.8263179589381832
0,0.2928023021937519
0,0.5001233839597258
1,0.9481505211092458
0,0.02473454811228517
1,0.7916659420685717
0,0.0036253509725122004
1,0.9272114134921219
0,0.02447994430013265
0,0.0007124281721719604
0,0.2668037243225078
1,0.7907679814734642
0,0.04674144454505997
1,0.7473918030592807
0,0.2668037243225078
0,0.3509473560446183
0,0.7890700758668134
1,0.9645620511317896
0,0.2668037243225078
0,0.504312588194259
0,0.022586426684676784
0,0.002491969885964964
0,0.005066885191719856
1,0.8847909355654877
1,0.5112476981518499
1,0.5303281323330764
1,0.967217011050325
0,0.36106073808084543
1,0.5087016090913372
1,0.9712209972302909
0,0.28892875230384707
1,0.9055949217753188
0,0.554854514400511
1,0.11482174204663165
0,0.3434849024203441
0,0.001950993342280868
0,0.004080827291025958
0,0.2988933338956203
0,0.05075254102228499
1,0.9790563150409288
0,0.022609446484378206
0,0.0019153838268677783
1,0.6539157925816698
1,0.8541399577066652
0,0.2668037243225078
0,0.32925250302638
0,0.6581039818708817
0,0.5713173314154356
1,0.9499241430270031
1,0.5432158312104367
0,0.024474252143706333
0,0.0017316816871272554
0,0.8893950352798836
0,0.8497104949745357
1,0.900096421036636
1,0.5843682204957676
0,0.026441575580789863
1,0.8989859365265361
1,0.5281265059517705
0,0.06699497987247419
1,0.9428750768765709
0,0.0514816481684502
0,0.02257946770574621
0,0.013142207445063805
1,0.8124469993241323
1,0.880997619832024
0,0.3188363900198099
1,0.9143266221541395
1,0.9652429899443534
0,0.2668037243225078
1,0.49721393577108386
0,0.0025733250154944083
0,0.0062448691719657785
0,0.03706402532954227
0,0.2668037243225078
1,0.17270486880378258
0,0.5624537434541711
1,0.5446338213948669
0,0.022670299248179846
1,0.9782748706274438
0,0.055897756165565866
0,0.031163039597440784
1,0.6928891214352615
0,0.0012748011636269953
1,0.7981992790700265
0,0.2326984934080573
0,0.20280688488282558
1,0.8585967914263058
1,0.6846027083251458
1,0.6818604821180259
0,0.06656765180984306
1,0.689261699625242
1,0.6851890321609964
1,0.935217793780099
0,0.7057506519698103
1,0.8766800880897918
1,0.4837110111978163
0,0.8197757220443135
1,0.8359868366574051
0,0.0007278564691161589
0,0.0035522817997758987
1,0.9136630229454749
1,0.8859201801382407
0,0.023926422189857667
0,0.003982476293616804
0,0.023115155088175042
1,0.9507602365683505
0,0.0523117235572299
1,0.921761370766371
0,0.05370845925726907
0,0.032951558083834195
0,0.000766629759597525
1,0.9165375033498447
1,0.9610615572917444
1,0.40992928785734367
0,0.2896868003135195
1,0.9087313004383484
1,0.9355668803551102
0,0.7933880553771314
1,0.9716199701445484
1,0.9365577980679205
1,0.9084341660441153
1,0.8905787516057954
1,0.9876054789699631
0,0.0022310151750540284
1,0.5927693857457547
0,0.2668037243225078
0,0.4129126113947964
0,0.004048060963318551
1,0.9766047624031855
0,0.3034238199660757
1,0.6844449278214335
0,0.022609446484378206
0,0.0024639548159886638
0,0.4297794721596371
0,0.2668037243225078
1,0.5474920753922833
1,0.6789705187248157
0,0.03347991818471637
0,0.025966548851156845
1,0.5295439233489402
1,0.9155654535813916
1,0.6232426778612813
1,0.9518844002942821
0,0.0018039052365419023
1,0.5160624819752558
1,0.7093477787083616
0,0.001451302460289945
0,0.002075337261935452
1,0.9812515020665215
1,0.7468577212038092
0,0.09722555359716686
0,0.08627645436253739
0,0.9119795082022683
1,0.92618979152761
1,0.9054423714605597
0,0.6205691868901699
0,0.004921323003251232
0,0.031920831881441195
1,0.8874137996796333
1,0.9667933683834612
0,0.2668037243225078
0,0.8772795220991824
1,0.9465092981570227
1,0.6500852641872021
0,0.0008375820276913542
1,0.9101978285543282
1,0.9165138141121266
1,0.8084107264120917
0,0.005860709488048708
0,0.06037209093105525
0,0.0006790540408594519
0,0.09760461939072436
1,0.9575568184971619
1,0.8751710710310167
0,0.002967373239976749
1,0.876769436745832
0,0.0027929608738661103
1,0.8763437409013233
0,0.002476650486045222
1,0.4696909825847085
0,0.05123375138606025
1,0.9703203498649523
1,0.6733670525140732
1,0.8989267814483975
1,0.9474959892730108
0,0.4151354032032511
1,0.9106919306294889
0,0.9220239791823595
0,0.6121559272566248
0,0.2773314795636613
0,0.022609446484378206
1,0.9740192927075817
1,0.9831984428736945
1,0.8663882056152611
1,0.6675251919595678
1,0.9897007716730856
1,0.8510232219943782
0,0.02249286386588118
0,0.8936370586279729
1,0.8824339467898951
1,0.6684043186980114
0,0.0007170895321355941
0,0.003315516889094449
1,0.6143895403499218
0,0.002559107974692886
1,0.6983926037413025
0,0.006152238192182038
0,0.5790373720707577
1,0.9869776535127045
1,0.9294036579642584
1,0.8880573659581318
1,0.39511007725028274
0,0.6181330692130564
1,0.9592533161549289
0,0.0018205469830156328
1,0.5288300200371485
0,0.2718536914125077
0,0.1799173604806695
1,0.9761435129683768
1,0.9941863223599746
0,0.05115544251609287
1,0.638398731130058
1,0.9717455197791086
0,0.2668037243225078
0,0.2668037243225078
0,0.2684353849623286
0,0.00132045190352274
0,0.025009794700813832
0,0.0514816481684502
0,0.022609446484378206
0,0.2675178231611315
1,0.9421218019543306
0,0.45086504510502423
1,0.5278123495257583
1,0.9098314996977324
0,0.0020992168207589297
1,0.5121387056102502
1,0.6591962638257199
1,0.8750055670017278
1,0.9852299761107725
0,0.010004032196469217
1,0.96687380566255
1,0.556612121316153
0,0.19061133513914105
1,0.6798684905641583
0,0.48235397561507054
1,0.9857246513556341
1,0.8917717024728907
1,0.6454073358209778
0,0.2668037243225078
1,0.8709290367844893
1,0.9510908481673804
1,0.5893027928763219
0,0.004549409779996865
1,0.7698079573626729
0,0.2668037243225078
0,0.4027530290712964
1,0.6782772337683105
0,0.05882074142407304
0,0.0017125954361599646
0,0.7651937667798766
0,0.051170049199842825
0,0.35219579823115826
0,0.07384187921859586
0,0.7968798456764449
1,0.9148393312006711
1,0.9317029237772224
1,0.6914240135293696
0,0.40448543783626456
1,0.8860239662934993
1,0.9554143899341152
1,0.9345093990860764
0,0.26958360091906314
1,0.6839093131863911
0,0.025470585738080375
1,0.5727182668807347
0,0.0514816481684502
0,0.0020807930269886145
0,0.0016445644454640604
1,0.8831833696589684
1,0.9106984215293072
0,0.8437247182187467
1,0.8089329757103162
0,0.050598753716987924
1,0.9407653856372805
1,0.5046598522586903
0,0.38590889102988046
1,0.9260373334315357
0,0.33460376949015935
0,0.2668037243225078
1,0.8847371498885517
0,0.0042238288005880245
1,0.6480090520853555
0,0.8317013319571431
0,0.005705857321609949
0,0.09444096105775476
1,0.911947992399419
1,0.7184044849144195
1,0.8841652701593332
1,0.8158093104343942
0,0.6815595086827598
1,0.9834434269936462
0,0.2668037243225078
0,0.05318776047795943
1,0.9490493422173669
1,0.9791227679291673
1,0.662938820112906
0,0.3375182969991716
1,0.6904709009131862
1,0.7631456408003416
1,0.9013453679877393
1,0.6628462543916411
1,0.8105469047806514
0,0.2668037243225078
1,0.9845825150460196
0,0.8419560296939732
0,0.6354636932823902
0,0.2668037243225078
0,0.0007445263362246251
0,0.41603515282463177
0,0.27404517975602893
0,0.0024229787800080027
0,0.26958360091906314
0,0.022609446484378206
1,0.6937140890881822
1,0.918173276057928
1,0.521625027204381
1,0.9749386590182105
0,0.029084937546207404
0,0.020539365220584076
1,0.9476438233723145
0,0.4803934250714368
1,0.9307888200334603
0,0.2668037243225078
1,0.9787451016189728
0,0.0017963183359315249
0,0.05075254102228499
1,0.20721492678463702
1,0.927528255641049
1,0.6705170811365114
0,0.05075254102228499
1,0.857872648196062
0,0.050598753716987924
1,0.6667994504911344
0,0.10258515124770136
0,0.025663653176021352
1,0.9015870549186581
0,0.0028921498680625404
1,0.548199458047319
1,0.8950781854524111
0,0.6794327060766232
0,0.5880132285837334
1,0.9174751902511291
1,0.9524521327995159
1,0.8705321607408743
0,0.025721939751126712
1,0.8354408617603853
0,0.2668037243225078
0,0.2675178231611315
0,0.0014139057927601024
0,0.9508252984882316
1,0.8988372639157473
1,0.5879342733397989
0,0.0017838683507082182
0,0.0007663527156849447
1,0.8438765593514672
1,0.8562546088521785
0,0.004137762498367303
1,0.9565921761453713
0,0.0012226953205925842
1,0.5382774056643388
0,0.02257946770574621
1,0.8512945838917626
1,0.34716746613291294
1,0.6700426079255397
0,0.003213308018115423
0,0.0054398172968527425
0,0.5707378442708373
0,0.02277320653860724
1,0.9581244489616363
0,0.050598753716987924
1,0.11743918647841582
0,0.05075254102228499
1,0.7540268616489568
0,0.0007204725210867795
0,0.05081575128416692
0,0.2668037243225078
1,0.6305729100223589
0,0.00465650554553401
1,0.9136221409381063
1,0.9502334175301053
0,0.0236931960591312
0,0.0025284431102684
0,0.0017819621609019265
1,0.679575948368331
0,0.03827185553713216
1,0.9911434790410774
1,0.7282799707852209
0,0.8346867921597724
0,0.2668037243225078
1,0.7667147696660397
1,0.983006221330402
1,0.9736602562992557
1,0.8411974883006921
0,0.0394522754880387
1,0.6491487846689581
0,0.2420388100053863
0,0.3423629310449712
0,0.022609446484378206
0,0.0008725710708394859
1,0.9209503605150737
0,0.09561237628078544
0,0.004942779538590835
1,0.6424727842648763
0,0.0008080270453173678
0,0.00377380220236505
0,0.0016436822522228152
1,0.909643546818534
1,0.9879990822323306
1,0.755993725095676
1,0.8574399779380115
1,0.8134577449087416
1,0.9166324802285908
0,0.0015748752973724519
0,0.06150122692653361
1,0.9719549402146274
1,0.8842399046734803
1,0.7261490074114622
1,0.911917805996935
0,0.05085135610608552
0,0.06932573642813354
0,0.000994605968240821
1,0.47622025975443666
0,0.0015995376447915854
0,0.4777623095431983
1,0.6856221507305461
0,0.05075254102228499
0,0.009077614768508135
1,0.8931165805386517
0,0.0029400041612391
1,0.7984741007559643
0,0.35182392778271754
1,0.9335719854583272
0,0.00314708955774561
0,0.0514816481684502
0,0.06969236568930764
0,0.00562392439757491
1,0.921082321894317
1,0.8597495755116739
1,0.976736441868312
1,0.8914358884196582
1,0.7210397596822132
0,0.18006483553301325
0,0.0017724582880143207
0,0.31462126843608884
0,0.2668037243225078
0,0.6533939541315619
0,0.0016453506410433925
1,0.9591388273703333
0,0.6010509815358136
0,0.002581796157620318
0,0.048427951117303115
1,0.7572501439228031
1,0.7100490889353563
0,0.022670299248179846
0,0.022609446484378206
0,0.0016941389914123075
1,0.8546725689811766
0,0.08970791646499723
0,0.2675178231611315
1,0.989996247137967
0,0.2668037243225078
0,0.6000023322139463
0,0.006261856582197244
0,0.5536829992530371
1,0.9300309432057665
0,0.0044307364867569735
0,0.06101056377294448
1,0.6527787388295676
1,0.7923232800903988
0,0.3091572856607916
0,0.8268587915058667
0,0.003042798528410679
1,0.5665956983177118
0,0.0009100917067780549
0,0.2072910884148599
0,0.02926146117764437
0,0.0020625805057992237
1,0.9735527223320354
1,0.6838844375768858
1,0.1864919838738882
1,0.66688586623978
1,0.47321534889511463
1,0.9642619113358507
0,0.2668037243225078
0,0.02257946770574621
0,0.0019812259881703473
1,0.6899214809163432
1,0.8751600721422547
1,0.9908852227228685
1,0.7841481388694939
1,0.9263104388519506
0,0.0013251054662578286
1,0.8873202313586177
1,0.8132025961582838
1,0.89758222853265
0,0.2675178231611315
1,0.8338175051406966
0,0.42389700994356816
1,0.5109622574065453
1,0.4979189450115867
1,0.9492513542041477
1,0.8820617283623392
1,0.565777775961892
0,0.33711494322512037
0,0.8236281211463172
0,0.0016539493352819186
1,0.711060817407663
0,0.6298144498411845
0,0.002116926519906041
1,0.8180504523086182
0,0.2668037243225078
1,0.5474647914385413
1,0.6865478463683692
0,0.053004278329389934
0,0.004212173778137149
1,0.8746698818910601
0,0.47633315245692986
1,0.9170926120697245
1,0.951914287733081
0,0.05075254102228499
0,0.2668037243225078
0,0.001136027480902421
1,0.6579745875050649
1,0.679575948368331
1,0.9815366287098813
0,0.0034595867985193966
0,0.2668037243225078
0,0.0008584152886052708
1,0.5507837607673163
1,0.7491250509343492
0,0.8976504882363602
0,0.024102552111685514
1,0.26692538674465544
0,0.0025791505392350565
1,0.8526487900601447
1,0.9023631133945721
0,0.006477300733369101
1,0.8616574748613749
1,0.8303897789300705
0,0.7095952802911311
1,0.7605353937497653
1,0.8544210768981267
1,0.9043198367082044
0,0.07617098159435572
1,0.9167047190461062
1,0.6531980977844467
1,0.7566179121414421
1,0.8824703947206193
0,0.05346664265976044
0,0.5970373253300211
0,0.04078503857993625
0,0.004244138880435635
1,0.9164218072345598
1,0.04366815741910087
0,0.05328412051134485
1,0.9788025241678037
0,0.0019889651093139902
1,0.9154967085129517
0,0.2668037243225078
0,0.05109183245302106
1,0.9032940788595533
0,0.0514816481684502
1,0.9618044202833053
1,0.9479421286753875
0,0.013504846381504051
0,0.2668037243225078
1,0.8693845167995017
0,0.000728906516461439
0,0.03828887089627769
0,0.02716083026340902
1,0.9657629312795522
0,0.06802261666008809
0,0.004126980650551352
1,0.6590042376319499
0,0.05075254102228499
0,0.2668037243225078
1,0.6122728575174983
1,0.9859970774734774
1,0.5553856016767323
0,0.6634946312396637
0,0.0023262019429760453
0,0.2684353849623286
0,0.05252307897828715
0,0.678578412109623
0,0.1514084119979593
0,0.05075254102228499
0,0.0024611916305131718
0,0.331058873983543
1,0.7993731021312497
0,0.055682520631984665
0,0.4101844138861421
0,0.028620223994506595
1,0.7642191632549848
0,0.024102552111685514
1,0.956295392013308
1,0.9041166775341903
1,0.6606805988090548
0,0.2668037243225078
0,0.28743819861631603
0,0.0018805187733110956
0,0.0007725106388102968
0,0.4934196347546992
0,0.1712906255735627
1,0.914470413384216
0,0.0067054495864276595
1,0.9230959239887995
0,0.2668037243225078
1,0.9364330292509514
1,0.990788780118285
0,0.051170049199842825
0,0.8616060071024919
0,0.4258593028570177
1,0.9796838358940876
0,0.005924867722507618
0,0.21992902424821137
0,0.0035900663543157072
1,0.6651590181156842
1,0.5882995832365845
0,0.0017571860217282344
1,0.9212375855529855
1,0.8741094486101485
1,0.6850461796550491
0,0.001461494453312782
0,0.5586631543388886
0,0.022688018571997374
1,0.9691387932427348
1,0.9297008223668454
0,0.0025808729347745404
1,0.8927827480328454
0,0.029701985801844834
1,0.975866433428908
0,0.03281457830680982
0,0.002821743517053485
0,0.11931823999147588
0,0.299047162448129
0,0.004267514925472344
1,0.6743520761573303
1,0.9086807581499532
1,0.9746399023731047
0,0.028061174954414618
1,0.9849504673555992
0,0.002477908575441405
1,0.728455644315702
1,0.45412700526445404
1,0.8762444484557361
0,0.03255834082328583
0,0.05075254102228499
1,0.6345287537705743
1,0.9138397582834832
0,0.2668037243225078
0,0.0008901905697240772
1,0.8974139393848766
1,0.9175828126035289
0,0.40173521991821415
1,0.6539732526878513
1,0.911734518059547
1,0.6301706599544427
0,0.7351727482647022
0,0.3124002971829578
1,0.8772684038396923
1,0.6287565345549263
0,0.2668037243225078
1,0.6682550276040539
0,0.9629739975436398
0,0.6325603629537644
0,0.05075254102228499
0,0.01973414072349657
1,0.9104221987589065
1,0.8658536419435052
0,0.002357097412840997
1,0.9813465301831513
0,0.000811891100410876
1,0.9001229274324853
1,0.7935773084558279
0,0.030732387118319604
0,0.2046551077469261
1,0.7672250261685004
0,0.004314309910237142
1,0.9579431919420065
1,0.9706894411354824
1,0.6404622050820559
0,0.47634701199751583
0,0.9902257265819712
0,0.0236931960591312
1,0.44977636763402873
0,0.4913600542447367
1,0.5943163008809461
1,0.6461346006938273
0,0.5415980868696633
1,0.9848416955880138
0,0.002103111632027826
0,0.6207785753938763
0,0.022670299248179846
1,0.5434187617510521
0,0.8581211465923548
1,0.6818915964342224
0,0.0018561937202741746
0,0.002458607529454915
1,0.9838068955963468
1,0.9310014504631161
1,0.5371174082239429
0,0.9433854491040523
1,0.654252745827515
0,0.22416642289666136
0,0.2668037243225078
0,0.0017025062066962516
1,0.9374923017910035
1,0.6355141689459244
1,0.9545157900446438
0,0.37960185511364364
0,0.3726038633707275
0,0.2668037243225078
0,0.2668037243225078
1,0.5660882826764102
0,0.2668037243225078
1,0.4660690424629402
0,0.6273620150736512
1,0.887377565955227
1,0.6604354997603725
0,0.39310564101238854
0,0.005791473351815312
1,0.33908744161215015
1,0.9187293250847328
0,0.2684353849623286
0,0.3781677078426979
1,0.6173391861304313
0,0.0027542871410579234
0,0.054239955542285744
0,0.01018378672801527
1,0.8258158332819091
0,0.002636834374217276
1,0.6188199017882984
1,0.9687756239679834
1,0.817111807051559
1,0.6835119973929826
1,0.8351132447531542
1,0.8331481352190365
0,0.2675178231611315
0,0.6867151666014705
0,0.025472473451378045
1,0.9916543922644505
0,0.49200179690133666
0,0.39666180417435326
0,0.4550512732200289
1,0.823632243913286
0,0.0013673628774464263
0,0.002617062711286716
0,0.4934196347546992
1,0.793682168326254
0,0.0055123179986643935
0,0.35184359096272116
0,0.0015358640179685362
0,0.9479087721732941
1,0.9306347236047455
1,0.8809591229412183
1,0.8740346913109028
1,0.6868405203375822
1,0.5635158651827111
0,0.5423224066921489
0,0.0024101744364898696
1,0.7526872489118904
0,0.2668037243225078
0,0.002186166595321194
0,0.045234203300814596
0,0.2675178231611315
1,0.9393005059324658
0,0.1137044290729076
0,0.003291137084468162
1,0.8268616394959097
0,0.00102632475959526
0,0.04189409108616425
0,0.003544122515740786
1,0.912766168938118
1,0.9458381726516323
1,0.9546533593812373
0,0.03559691020384068
0,0.47285306928049636
0,0.8105692830235269
1,0.9508832063947573
1,0.5084339148309084
0,0.31214774183358135
1,0.9481371865127495
0,0.49316643750127276
0,0.05075254102228499
1,0.8926368561417007
1,0.9805661267246848
1,0.9285188043545104
1,0.9353952433941171
1,0.9847903555606387
0,0.0020574607994154905
1,0.9306996280159318
0,0.05075254102228499
1,0.7029968891302395
0,0.7300642586519802
0,0.0009138146395048431
1,0.5191479749843265
1,0.9570764105627979
0,0.04181583403271064
1,0.621884691213813
0,0.006017254243901455
1,0.7505564895052153
1,0.8659189431654066
0,0.011494376356344252
1,0.9251119731416827
0,0.023115155088175042
0,0.7305854097643562
0,0.40345859775969267
1,0.38421308631216766
1,0.10381438120751375
0,0.7991683997777835
1,0.962997349833862
0,0.7080951015226422
0,0.023467316208012547
0,0.05075254102228499
1,0.9472454681708747
1,0.8527398565849109
1,0.43944934266912705
1,0.6913805784982481
1,0.5804539099367902
0,0.050598753716987924
1,0.8384964124725236
0,0.5178762725805875
0,0.0813862273207237
1,0.8183988295016896
0,0.7688002975975693
0,0.6612245422943939
0,0.0035023812240529274
1,0.960085575415835
0,0.0013143745599734935
1,0.4430532468612322
1,0.7768148516447206
1,0.829405559296781
1,0.9398732555896782
1,0.9020162270574156
0,0.5230666955662208
0,0.011412622999737212
0,0.9039631273842843
0,0.001703979778167867
0,0.0014539394039465529
1,0.5864018777947729
0,0.28324641854950094
0,0.022670299248179846
0,0.05075254102228499
0,0.050598753716987924
1,0.4398256783915747
1,0.9110106452046904
0,0.3854549488101638
0,0.0037765083042594363
0,0.9224788298474667
1,0.5338637022365896
1,0.43187915193579424
1,0.6749415041284286
0,0.05075254102228499
0,0.2668037243225078
0,0.2718536914125077
1,0.6967219446794306
0,0.6350145312912533
0,0.041592939752304325
1,0.9679313427494052
0,0.050598753716987924
0,0.2684353849623286
0,0.05074714460697538
0,0.05382059578024335
0,0.4435487378717487
0,0.992922127280734
1,0.871106623868232
0,0.002434020513088845
0,0.0514816481684502
1,0.6775898813114554
0,0.2668037243225078
0,0.2514513843416004
0,0.7784045464189089
0,0.022670299248179846
0,0.9412848482764815
1,0.9675029563686103
0,0.0018234018187330318
0,0.02592867602211453
1,0.9628362795527498
0,0.2668037243225078
0,0.004507320603655233
1,0.6692159434184022
1,0.8051836224633419
1,0.9169191461120136
0,0.023691394128268057
1,0.5948043847741117
1,0.6059441957856987
1,0.5941011762357666
1,0.5901925850171865
1,0.9458630884918436
1,0.8857963812861501
0,0.0007463659694236263
0,0.052340173283882546
0,0.2668037243225078
0,0.2668037243225078
0,0.2668037243225078
1,0.8446788298606936
1,0.7555219545899
0,0.05081575128416692
0,0.0010686657822685014
0,0.27404517975602893
1,0.5960775177535524
1,0.6619204915822505
0,0.003170396091458741
0,0.02750280811772679
1,0.937086486770815
0,0.6236409567491522
0,0.002400075537217263
1,0.6728825610448075
0,0.9367151604797032
0,0.2668037243225078
0,0.05075254102228499
1,0.7446207567820605
1,0.9943376841608313
0,0.0038869917083277907
0,0.729316508547899
1,0.8678803405360447
1,0.9561670713530624
0,0.00319283497902828
1,0.6523206664257304
1,0.7880250270119005
0,0.2421244900255093
0,0.02684605527072078
1,0.8368542495881589
1,0.6751292763753242
1,0.9227007379012788
1,0.6651236228453884
1,0.9202735304380452
0,0.0031271510354975917
1,0.9940528034656703
0,0.13023867883517687
1,0.9274322833453006
0,0.002206605964077069
1,0.6812235809201185
0,0.0016729440431286259
0,0.002570945327184869
1,0.9133217426111835
1,0.7980190569927352
0,0.02320183743112451
0,0.022609446484378206
0,0.003540884556028756
0,0.023351500529587767
0,0.3593173076077912
1,0.8087482387182632
0,0.4351935379942223
0,0.0060701083656116974
0,0.02565633283661883
1,0.9042909643264548
0,0.29900056262790126
1,0.8615015008195356
1,0.8421077952253854
1,0.9822159530669342
0,0.0026200783963239898
0,0.2666880916889002
1,0.9102254618698762
1,0.5655213527737702
1,0.8422688552424229
0,0.0017223568527828079
1,0.5755769784513751
0,0.05075254102228499
0,0.024749994450407764
1,0.6545708779333012
0,0.8173013999305765
0,0.21710374218364858
1,0.8428660297058416
0,0.025962400448023278
0,0.0009202576833272786
1,0.7126946471331531
0,0.5339536211045618
1,0.3177004796432221
0,0.8050284615776717
0,0.03059219734852034
1,0.9161353071684804
1,0.9075303216384025
1,0.7007635960570334
1,0.8563075871858465
0,0.0236931960591312
0,0.05109183245302106
0,0.0013715605308169784
0,0.8775246035342259
0,0.2675178231611315
0,0.19072253549212861
0,0.2609414705884255
1,0.8578652919596875
0,0.02717558238126499
0,0.619986510165812
1,0.9603262145343658
1,0.6734331435572908
1,0.9045868021371709
0,0.4348244227848855
0,0.0008005922502991988
0,0.005584901225541402
1,0.9211531617923552
0,0.6574619588174662
0,0.05774542156296296
1,0.6787476321153953
0,0.022609446484378206
1,0.6900247030199776
0,0.0039827545584871105
0,0.05107853238427224
0,0.027926440242865145
1,0.9878921076993413
1,0.2792069122679807
0,0.02416732416539978
0,0.054485497515853056
0,0.4150155783664367
0,0.005083221674740277
1,0.8822128149257183
0,0.05594191547588967
0,0.0237903703584132
0,0.2668037243225078
0,0.4753246857744734
0,0.6569170851100782
1,0.9029952655761168
0,0.46295445538046254
0,0.002151934836775686
0,0.2668037243225078
0,0.016187615480632248
1,0.1382778572416084
1,0.3071162510799466
0,0.2668037243225078
1,0.5002801143584863
0,0.2754818270944416
1,0.6322007433946264
1,0.8701427430382138
0,0.08260161439034433
1,0.760993737978654
1,0.8720162253526683
1,0.7812895048674683
1,0.9404465800069922
0,0.2754818270944416
1,0.9311969611840302
1,0.6569269771234849
0,0.0020493336057907322
0,0.27404517975602893
1,0.9027715124575827
0,0.006665051266906769
1,0.8814903859116657
1,0.6559980662617154
1,0.2624447617037356
0,0.2668037243225078
1,0.8895231023527557
1,0.9810168991145597
0,0.053004278329389934
0,0.001965491543836302
1,0.8034380871417357
0,0.0017316816871272554
0,0.5703814533774936
0,0.6461574027346493
0,0.05892561176518604
0,0.035078540538369535
0,0.6844392587204452
0,0.023539136421101024
0,0.006886397636855847
0,0.0022781876284604097
1,0.9074298074356516
0,0.0016798901448172128
1,0.4674206029114857
1,0.6897895650651735
1,0.4600152530338478
0,0.1900390669836171
1,0.9357817364649021
0,0.2675178231611315
0,0.013906022162822577
1,0.970924477959856
0,0.002268428089844394
0,0.010089330019591612
0,0.6862258785550768
0,0.8033850184735198
1,0.9940055344887437
1,0.7579127095513761
1,0.9480947608018755
1,0.9113508398678825
0,0.2668037243225078
0,0.06962877800205244
1,0.9184548050806772
0,0.12965933762836462
0,0.022670299248179846
1,0.9222904719675167
0,0.0007337716225041328
0,0.8676463449613809
0,0.0009217982351307726
1,0.9584240514300901
1,0.943693139226298
1,0.9288254502485389
0,0.2668037243225078
0,0.2668037243225078
0,0.3351087883809497
1,0.9390319084657484
1,0.9166228609282051
0,0.0009431726717244361
0,0.5874588896532167
0,0.0029391260126199184
0,0.001623900906104523
0,0.5663721393976896
1,0.9043185747540294
0,0.1290032909041919
0,0.02257946770574621
0,0.2675178231611315
1,0.966288579045276
1,0.6268103620482006
0,0.909342760031031
1,0.7688230571169306
1,0.5645744676108828
0,0.006254917365899297
1,0.552875462470551
0,0.39380239625609365
1,0.9862167022794492
0,0.04199264421229298
0,0.0011689403353984879
0,0.001993840774787931
1,0.9807031033024052
0,0.002208114530178959
0,0.08310541202350848
1,0.9117034240775831
0,0.22097422924239887
0,0.48479794205418086
1,0.8336483237447678
0,0.28727665720964546
0,0.002018103978565205
0,0.0024598403474314326
0,0.05075254102228499
0,0.02977702185303836
1,0.9915479416762232
0,0.02257946770574621
0,0.0018726698367778857
1,0.8393286842728842
1,0.6549178267822333
0,0.1631877628476962
0,0.6005266452865573
0,0.03463286834847329
0,0.00571200685110705
1,0.9315908567153334
0,0.022609446484378206
0,0.7838374655302153
1,0.6399907292870612
0,0.29383214438660665
0,0.0034059571040507366
0,0.0020147476751521134
0,0.37106866688999385
1,0.9091848206953131
1,0.8516318494749674
1,0.5988806219170343
0,0.05625272555444502
0,0.8494190596202399
0,0.0567114791423453
1,0.27088800224228143
0,0.39797629025588216
1,0.4869514053830327
1,0.5438350529508161
1,0.5738570509755215
1,0.8548390907668457
0,0.28928978353777335
1,0.5097072380648722
0,0.0333707299173012
0,0.2668037243225078
1,0.6880940292573173
0,0.2668037243225078
0,0.05375385943522781
1,0.6499035266579625
0,0.5256468614072294
1,0.9407480592742697
0,0.02277320653860724
0,0.03178855336198471
0,0.3714756570701104
0,0.9500436182762576
1,0.916595703319394
1,0.44885108588973927
1,0.7947377390346864
0,0.0038359093395274584
1,0.9108982653082882
0,0.8815449950648221
1,0.642581524811264
1,0.9040621959731443
1,0.4410047109526733
0,0.5945493690393394
1,0.9821700825515052
1,0.8956361068077713
0,0.0009759441380858108
1,0.8741043854270967
0,0.0014767989099391424
1,0.980331238283957
0,0.02257946770574621
0,0.21783945725312687
0,0.2675178231611315
0,0.0514816481684502
0,0.8177118418932867
1,0.6228402359285435
0,0.002852544343803999
0,0.299536514404157
1,0.9504219167640061
0,0.051170049199842825
0,0.0015573110614060747
0,0.0016559598765072603
0,0.5568824452804348
1,0.9014704550041043
0,0.632046462469895
0,0.08199014686750344
0,0.6466486826410208
0,0.002523868629294564
0,0.27404517975602893
1,0.9167890333736501
1,0.8947320570725982
0,0.022284344602351916
1,0.307747245302538
1,0.8954733429366089
0,0.025197426997390304
0,0.003645253082648753
0,0.2754818270944416
0,0.0020690581815830944
0,0.03047900520071653
1,0.9545539405513518
1,0.743603296137741
0,0.0013805846097073088
0,0.4159998508300937
0,0.11926332428591568
0,0.0514816481684502
0,0.0023369121742418744
0,0.2668037243225078
0,0.35446786424355947
1,0.5346485824050033
0,0.5069162047555535
1,0.9551679720015919
0,0.3129933253357434
1,0.9501450659259167
0,0.2991479942978635
0,0.0024849687495464507
1,0.9211404160273033
0,0.2675178231611315
1,0.8963621425703605
1,0.8833526241464739
1,0.8664055859879793
1,0.6890882299695286
0,0.06436079717952645
1,0.6607626358142719
1,0.9611072210967553
0,0.2668037243225078
1,0.8788488260128221
1,0.9294864466812672
0,0.0014028951852440436
1,0.9772908596194712
1,0.9479997344639728
0,0.0074328791765367426
0,0.0019377147529176836
1,0.9371990964884299
0,0.2675178231611315
0,0.8981391309862596
0,0.0008218655539593622
1,0.8245985566930534
1,0.657210132931428
0,0.4577806898916371
0,0.8590902515153455
0,0.06511635252966587
1,0.979437430236848
1,0.9489260365512412
1,0.9366779843058005
0,0.2668037243225078
1,0.9131825718027623
1,0.909660064275176
1,0.8976254302389128
0,0.8873121581044792
1,0.9138092476971107
0,0.2675178231611315
1,0.8772672287254349
0,0.002389519886615097
1,0.770884393318492
1,0.8408334599612577
1,0.9023848261864333
1,0.6648784934104015
1,0.8914722274208308
1,0.5237078485163188
0,0.5471909345465226
1,0.8747552837110738
0,0.621050047909522
0,0.19179982498441375
0,0.025680983828237417
1,0.9791393616028444
0,0.023115155088175042
1,0.873216104444211
0,0.7545438682170126
0,0.002157864307992253
1,0.8931333063132634
0,0.2668037243225078
0,0.05085135610608552
1,0.7620711679683992
0,0.2668037243225078
0,0.022609446484378206
0,0.0019720112412239324
1,0.8681849803310469
0,0.2675178231611315
1,0.8204966193378976
1,0.8782655733981946
0,0.0020176817023618535
1,0.6664577417188615
0,0.023115155088175042
0,0.02420696947374694
1,0.4494428517125922
0,0.15805372733384493
0,0.0017345860222912298
1,0.8816387848266707
1,0.9396596386415798
0,0.7909261396963244
0,0.29662920555878414
1,0.5545003721040387
0,0.0030150611014375947
1,0.7905676227889293
1,0.3652501139421798
0,0.004389514271986359
0,0.0031142199576449604
1,0.6814345525873428
0,0.08503450406650438
1,0.8060408529031707
0,0.35164963561437623
0,0.002210116782983047
1,0.8656352442027181
0,0.05115544251609287
0,0.05467494197694126
0,0.05075254102228499
0,0.2176799037282388
0,0.7100162645685445
1,0.8767965058090306
0,0.037292133895837014
0,0.027768165889353644
1,0.9352251553766698
0,0.2959274591928901
1,0.824637777051178
0,0.0007381691397614898
1,0.6007875781594622
1,0.9446114882691246
1,0.8473580469121014
0,0.004087990238790765
0,0.4041097213174964
1,0.6718976881782859
0,0.2668037243225078
1,0.8952757564821614
1,0.9396317657485026
1,0.9153031023658428
0,0.033606703109247564
0,0.6949355518026227
0,0.6327768946092763
1,0.9174854719167795
1,0.6936981052694985
1,0.8312163246060952
1,0.5199710103814559
1,0.9483060833039629
1,0.42328049247640726
1,0.6232233320691402
1,0.6616744845790526
1,0.9580114831282448
0,0.0019153838268677783
0,0.04327098285862118
0,0.0007663527156849447
0,0.2824465483034619
1,0.6238449152051365
0,0.05060685577803479
1,0.8242994131418654
0,0.060246090949403364
1,0.9182269925429953
0,0.005390352807113159
0,0.4427297802476302
0,0.0028731476769721484
1,0.9298117589097595
0,0.4768084377758412
1,0.853963669462625
1,0.9022817988249555
1,0.645100504499114
0,0.08410145760903062
0,0.3376332848339395
0,0.024102552111685514
0,0.2675178231611315
0,0.2675178231611315
1,0.6879561791211454
1,0.8931476342964166
0,0.034044254604597826
1,0.8938481443645472
0,0.2668037243225078
1,0.7502443615525681
1,0.49329921926799414
0,0.3324687876953502
1,0.42856730594516784
0,0.28324641854950094
1,0.6863047848797446
1,0.821330350545397
0,0.557438012539461
0,0.0019379641774574024
1,0.6401033384842509
1,0.9456414975647466
0,0.09287344807632382
0,0.0008218655539593622
0,0.2668037243225078
0,0.026587335946021414
1,0.832184787234135
1,0.890490326921175
0,0.02277320653860724
1,0.8758869154195544
0,0.05542083456243727
1,0.9157107113485207
1,0.9790873251264366
1,0.6767175024638102
1,0.10212825528123218
0,0.004642772162725115
1,0.6769073706973955
0,0.0011896244687461587
1,0.958513286350556
1,0.9552647662945694
1,0.693065543061582
1,0.8760382619335154
1,0.8877732733797333
1,0.8937579778457807
1,0.45381633047720094
0,0.001993840774787931
1,0.8257508399967391
0,0.12484313265366727
0,0.0013148092384552726
1,0.8574925373029313
1,0.8701634347304851
1,0.6763083399626545
0,0.02390007953243705
1,0.9882072656733959
1,0.7776110920038385
0,0.0055576713979221745
0,0.09346101862841875
1,0.659679391101536
1,0.5963661623491634
1,0.6811286291404722
0,0.0020513495469782097
1,0.9687166278579004
0,0.37378018918711536
1,0.88197201467953
1,0.20818989410675376
1,0.9609777088032773
1,0.8615106265492722
1,0.690537966690067
1,0.8873859441624523
0,0.005673966122759653
0,0.07145598674373696
0,0.2675178231611315
1,0.8806005626037353
0,0.0020548379505552147
1,0.9093722967579779
0,0.0019414144573648704
0,0.2668037243225078
1,0.5270241431009898
0,0.09624722740107632
0,0.323525046332249
0,0.3741983099970506
0,0.2668037243225078
0,0.0632350904221698
0,0.0006662320318265518
1,0.9387366449254348
1,0.8435610227088751
0,0.2668037243225078
0,0.9018989860196452
1,0.9330546412246685
0,0.6828840621432803
1,0.6613309354122101
1,0.6803334058468062
0,0.0036457343068537376
0,0.5092969914648701
1,0.9732840051439886
1,0.9913801904013269
0,0.05478599523163076
0,0.002458607529454915
0,0.5454196164626804
0,0.5091091056341797
0,0.025896476055782942
1,0.6795620086328209
1,0.9014169152783266
1,0.8345608954620829
1,0.6604679926555355
0,0.0032847878500092647
0,0.0030593856171460187
1,0.8043057211873988
0,0.6641960542213001
0,0.8293757699885498
0,0.8347648537109771
1,0.906147857960187
0,0.07782540063817296
0,0.2668037243225078
0,0.022609446484378206
1,0.9897688661841992
0,0.024087892381998186
1,0.815338519114794
1,0.9328873620612461
0,0.022670299248179846
0,0.0016100752454304792
1,0.7403748674778036
1,0.9116009185601802
0,0.17423491496715282
0,0.02887424638909996
0,0.0034852745838863165
0,0.1599340496912046
0,0.016578452353608067
0,0.05075254102228499
1,0.7848604157642239
1,0.8985982436323977
1,0.5593503828545107
1,0.9778640104010554
1,0.7335572986115306
1,0.8946989260575365
1,0.8320705962024425
1,0.9448087169676378
0,0.2668037243225078
0,0.2668037243225078
1,0.5678164578158509
0,0.12346162117227481
1,0.8745595376686537
0,0.0020683410458473615
0,0.0008560045788225519
0,0.05075254102228499
0,0.0037315649025434104
0,0.6221988829150371
0,0.12937643423417475
0,0.05075254102228499
1,0.9814703789020586
0,0.004696786604802231
1,0.9020528991219037
1,0.9214897810897633
0,0.004336620787899842
0,0.6775146290261493
0,0.532495990249483
0,0.2668037243225078
0,0.2668037243225078
0,0.30707989478149594
0,0.0017784057391794096
1,0.8856740577318273
0,0.05074714460697538
1,0.9061584140273193
1,0.8783987323556253
1,0.9131910451468385
0,0.034036575317244716
1,0.9783456590031643
1,0.8901345369841178
0,0.0008090184317795158
1,0.9633686047683335
0,0.003220795000430964
1,0.328646980144304
1,0.9385325988183496
0,0.9460723288320398
1,0.6309283842446904
0,0.2675178231611315
0,0.27404517975602893
0,0.0027732045194460704
0,0.02257946770574621
0,0.16256912973612675
0,0.023108558631824698
1,0.8279473916777711
1,0.9284152174256743
1,0.68906447926771
0,0.2668037243225078
0,0.0018829862112887093
0,0.2668037243225078
0,0.8863202579468277
1,0.43567975432252415
1,0.9366264531179156
0,0.003017665717664215
0,0.4711235795694119
1,0.6944168122949245
0,0.0018074416805988274
1,0.6805244026240915
1,0.977446893724313
1,0.6283092814361929
1,0.9433292018859131
0,0.2675178231611315
0,0.05081575128416692
0,0.2668037243225078
1,0.7776718559374763
0,0.02257946770574621
1,0.9377825430563366
1,0.8683275588073314
1,0.5591720479992538
0,0.04285530550473901
1,0.6807756567082057
1,0.7862634669193377
0,0.04192578541583733
1,0.7932980195791461
0,0.2773314795636613
0,0.4134012507551559
1,0.796107460357721
1,0.9528924041885667
1,0.9873752521976499
0,0.7536724714111674
0,0.26958360091906314
1,0.5497240379126571
1,0.6383335923997724
0,0.38317456641826986
1,0.6174997370768622
1,0.791244429887198
1,0.6022833982962598
0,0.9646950898816973
0,0.027850062458561784
0,0.07159996832750849
1,0.9931839369897845
1,0.5261854067771647
1,0.9869814093773019
1,0.8965700311482179
0,0.003114152613410983
1,0.9502259309929418
1,0.5614367123445696
0,0.5952389613629888
0,0.003969768930643928
1,0.9334671605707464
1,0.8625528134086405
1,0.9624522873564858
0,0.0024267663798638334
0,0.8258397413393961
0,0.0019257026869441164
0,0.762660414378982
1,0.6849537112863954
0,0.2668037243225078
1,0.8873433408720108
0,0.8786697024026863
0,0.06869156504062361
0,0.38551577027103606
0,0.2668037243225078
1,0.9185885099694779
0,0.02533263836418512
1,0.7909015983256674
1,0.9154185860558154
0,0.03514960682640615
0,0.0032026364466595297
1,0.6913805784982481
1,0.9782023199892926
0,0.0008741905110909161
0,0.4612738580122145
0,0.05123375138606025
0,0.25440109718609893
1,0.7405387879807516
1,0.6864076802084551
0,0.6523922211948464
0,0.05718411336343394
1,0.596404445611657
1,0.9814631166805067
1,0.8655721991968844
0,0.2917062074284405
0,0.0017714891335426808
1,0.8814062797648117
0,0.022670299248179846
1,0.7504063596831995
1,0.7531356882966881
1,0.9900381703495407
1,0.8868429694645502
0,0.7784532746555896
0,0.002873056717576651
1,0.4578439813743646
1,0.9452477647114745
1,0.6366251762454679
0,0.0007791429387687781
1,0.9272365369484634
1,0.8420288229485353
0,0.05114137593621946
0,0.059370608727521534
1,0.9151530325689847
0,0.2896868003135195
1,0.6581150158490966
0,0.07405432674284802
1,0.9868535953747442
0,0.054184235435074835
1,0.9138120684929216
0,0.0022968244617494697
1,0.8047307389060777
0,0.0035252830057419084
1,0.9364021514405424
1,0.5065129332872177
0,0.02376818337872097
1,0.9857492851201843
1,0.9587795770408348
1,0.9246626204393713
1,0.975070307777146
1,0.9808117668519494
0,0.09930630429613692
0,0.02735684876966677
1,0.9298876638739488
0,0.5138477509085788
1,0.9666569856095024
0,0.027472123269006096
0,0.022688018571997374
0,0.6786481764625314
1,0.6743540738227854
0,0.041409911495985344
0,0.0253793698850356
0,0.009095036570978968
0,0.0017799534930982026
1,0.9002807514147723
0,0.4717566784834677
0,0.2668037243225078
0,0.2668037243225078
0,0.05075254102228499
0,0.0018461171890680095
0,0.05075254102228499
1,0.9105978757385416
0,0.6554016798585489
1,0.6667856590077162
0,0.05546610973059914
0,0.3911546954140694
0,0.05594191547588967
0,0.5825686078199636
1,0.6588074764621017
0,0.022670299248179846
0,0.003944519363847888
0,0.05892561176518604
1,0.7508241598388002
0,0.0016779445004692214
1,0.7952564666563897
1,0.608236128235719
0,0.053931258071267266
0,0.007726268926738896
0,0.03216789514071831
0,0.02610311603099279
0,0.0017316816871272554
1,0.8739555409069794
1,0.6582584871479197
0,0.33638051293407556
1,0.5913628887788706
1,0.9819735773362233
1,0.995432142650694
1,0.84265823980362
1,0.8650599662268098
1,0.5508480861395624
1,0.8261208540146815
0,0.06969236568930764
0,0.004207432443252259
0,0.007986230961141726
1,0.9843492229441094
1,0.9591423647431307
1,0.9572879161525712
1,0.9551368685829503
1,0.6472161703091689
0,0.4784479971041116
0,0.05375385943522781
1,0.8667177664806398
1,0.8389254351260403
0,0.005139504647993292
1,0.8274875003200862
0,0.5551381080945068
1,0.8690848154645361
0,0.002579091975805706
1,0.9643941389612359
1,0.8903600124250493
1,0.9083362931174507
0,0.05107853238427224
1,0.6671956262050869
0,0.024078410537924397
0,0.0787151617145694
1,0.9574682618426985
0,0.05081575128416692
0,0.050598753716987924
0,0.021036595378925032
1,0.9213970727081252
1,0.9609187858012559
1,0.4360486982665922
1,0.8946855991030581
0,0.2668037243225078
0,0.05107853238427224
1,0.6183135947510341
0,0.12923851998980465
1,0.5845939192885395
1,0.9259479679851177
0,0.7091202691288978
0,0.5529322225646376
0,0.00692976913567081
0,0.024102552111685514
0,0.4373465342221581
1,0.8905078475632354
1,0.8610689124014319
1,0.7110706476785288
0,0.2668037243225078
1,0.7616267015930808
0,0.05075254102228499
0,0.034137140181375536
0,0.2675178231611315
0,0.10808468596028241
1,0.6298253561131361
1,0.9050926718205408
1,0.954664717928688
1,0.8741853946402554
1,0.6977536079108704
0,0.07225261648054651
1,0.894833170656853
1,0.9754010537899517
0,0.5402801854442035
0,0.26958360091906314
1,0.9298228565510652
1,0.9843427054125236
1,0.4468287690577126
0,0.2824465483034619
0,0.05695809102724579
0,0.026747009027302423
1,0.17334111177602565
0,0.05478599523163076
1,0.9814004208302264
0,0.050598753716987924
0,0.0024410545340917277
1,0.854296260483468
0,0.8005454994106203
1,0.9705587879763771
1,0.579538860657263
0,0.24486939210958597
1,0.846196197301495
1,0.5880528061364247
0,0.052340173283882546
1,0.8102935411918042
1,0.6223822659116791
1,0.6582964246034799
1,0.9362366047344719
1,0.4608224032360074
0,0.26958360091906314
1,0.9061506238351532
1,0.9382839240524942
0,0.12578971160348626
1,0.6713812381163032
1,0.804826022606011
1,0.9245020555208483
1,0.8401490661402707
1,0.7914010369597765
1,0.896296727146778
1,0.6838844375768858
1,0.9167068366945413
1,0.6292079367120895
0,0.0011429980783649837
1,0.8654986375033223
1,0.9247682440557977
0,0.0013256568173806878
1,0.9838354133917849
1,0.858101785865925
0,0.2668037243225078
0,0.0018888122134673047
1,0.9384242648353183
0,0.7186877933710071
1,0.9359418418976259
1,0.6806909032973638
0,0.06070041675391368
0,0.2668037243225078
1,0.9154638892856098
0,0.0018442144986630885
0,0.06683282640138549
1,0.5415980868696633
1,0.9659293502171827
0,0.04973081806883137
1,0.8411381677979579
0,0.0236931960591312
0,0.002795564699968365
1,0.8737301042515729
0,0.0514816481684502
0,0.036938362598035714
1,0.6890882299695286
0,0.4867459508227565
0,0.030836139450426226
0,0.6390728636796738
1,0.9900439035342642
0,0.022284344602351916
1,0.9435460346474643
0,0.02225558154002333
0,0.022609446484378206
0,0.04103435418859873
1,0.6686722540364771
1,0.8909905721408048
1,0.6668900591940107
1,0.6106440339640062
1,0.9639590184675196
0,0.0008919068111909943
1,0.8290048673984348
1,0.9350572094891321
0,0.0017224549770300207
1,0.9905052832993255
1,0.8336131285029538
0,0.0013860323291718796
1,0.8527777655253272
0,0.0011638295067166115
0,0.2668037243225078
1,0.990326355669831
0,0.05075254102228499
1,0.6916131114681402
0,0.2675178231611315
0,0.0018943638853225573
1,0.8910655644563127
0,0.006603122348896736
1,0.8887265910508806
0,0.0039010228803309796
0,0.27337640262173957
1,0.8930599012045238
0,0.05075254102228499
1,0.5710763182158295
1,0.6207956143568047
0,0.5943835366768749
1,0.18666848446266626
0,0.8373617491651731
0,0.005146568858207008
1,0.9982213952050129
1,0.7616624967357042
0,0.7070121556442297
1,0.5432926223708024
0,0.015412169076819674
0,0.1748676842056462
1,0.8948938912899654
0,0.27404517975602893
0,0.02364621933156993
0,0.29900056262790126
0,0.5918924892737427
0,0.2668037243225078
0,0.0024121740162404985
1,0.22136615402598475
0,0.052902009540598934
1,0.9908530367984849
0,0.05075254102228499
1,0.9408173943544617
0,0.13132441975542408
0,0.4254117017774397
0,0.0034053831786837446
1,0.931771535754972
1,0.9484760261009872
1,0.9609888123910594
0,0.0514816481684502
0,0.023255304789421227
0,0.0019595450617501163
1,0.9162577983017423
1,0.6789149623068262
0,0.39606832066104203
0,0.07727160344567166
1,0.8355258267323982
0,0.26138629537169655
0,0.0027887231198663624
0,0.023617071221432615
1,0.9490867728177087
1,0.8740822789101899
1,0.98524722553168
1,0.9572205947819908
0,0.6826853238783922
0,0.9506268623182482
1,0.9036944321039913
1,0.938924451835976
0,0.2824465483034619
0,0.054184235435074835
0,0.02733131454477286
1,0.918488488081509
1,0.7785890410552738
1,0.6810662694755232
1,0.9306713122524616
0,0.2675178231611315
1,0.9592816982556716
1,0.781488724784666
0,0.001288497885963478
0,0.0011976371071815161
1,0.6783545162576825
0,0.06396974760600171
1,0.9160992347701525
1,0.9110432549975681
0,0.0008564344923979784
0,0.04627422916647201
1,0.9557998542226482
1,0.7734979325081939
0,0.031271719777294836
1,0.465346980924406
0,0.2668037243225078
1,0.8703452185641781
1,0.9587773713235271
0,0.0007204725210867795
1,0.5914734791426778
1,0.9345487405542332
1,0.9465934635011558
1,0.5288300200371485
0,0.055992352222541564
0,0.5785298003563648
0,0.2668037243225078
0,0.02257946770574621
1,0.9891279783996436
1,0.6258638463935774
1,0.9756292008635736
1,0.9857434351605526
0,0.002591939241619417
0,0.5428777270073668
0,0.07098272525466288
1,0.8903221596498138
1,0.6759551812941974
0,0.5332595765321925
0,0.2668037243225078
1,0.5110263478051937
0,0.27097554819665887
1,0.45171190696541297
0,0.9219260093342103
1,0.965190994080691
0,0.0016981580792218053
0,0.05081575128416692
1,0.8987502495265414
1,0.9550653586184434
1,0.9806643672772253
0,0.566764773954336
1,0.9065607624655275
0,0.0021201617810583883
1,0.5877340503248529
1,0.46293063677553775
1,0.7611410488305723
1,0.42638864986059005
0,0.004292571361876574
1,0.5323816535575286
0,0.051722440710031285
0,0.535291268607725
0,0.004105274081428279
0,0.05114137593621946
0,0.0514816481684502
1,0.9764378394292546
1,0.6566989431745452
1,0.840842171881859
0,0.2675178231611315
1,0.5830710609650244
0,0.005560623948514893
0,0.5679795910417706
1,0.9540219364276414
0,0.0019842111491451277
1,0.4610401780239444
1,0.6584809558120177
0,0.8705978969235366
0,0.8307220431831798
1,0.6482091761143276
1,0.345247185815196
0,0.02997292484928975
1,0.6724806101850498
1,0.6760899614280449
0,0.05328412051134485
0,0.9422884827654211
1,0.6665458339265224
0,0.26958360091906314
0,0.05075254102228499
0,0.40322921224533054
1,0.4170119794730142
0,0.13603012372855508
1,0.5089361248486273
0,0.05081575128416692
0,0.27665190668579637
0,0.553416632717142
1,0.9435151732515299
0,0.2668037243225078
0,0.45879627407936724
1,0.7033044168672353
0,0.13726625902993916
0,0.03921542222864457
0,0.001332684640743991
0,0.2684353849623286
1,0.9841297771358952
0,0.5009887249340449
1,0.9583947185521636
0,0.0011774205482702406
0,0.40173521991821415
1,0.5297164581842894
1,0.8889227915344605
0,0.18509101288042673
0,0.08906454254172476
0,0.004935344668236169
1,0.8811982758479424
0,0.001558048085713943
1,0.852293493687541
1,0.3305205414285523
0,0.29397442270925456
0,0.0036029424123352727
0,0.003009206937083786
1,0.6576592752216321
1,0.4476871890068959
1,0.9680797215381095
0,0.08918325813726698
0,0.2668037243225078
1,0.6807324363162913
0,0.01109837791970792
1,0.6013688028867364
0,0.6185781423806234
1,0.9803449067594289
1,0.6388903033477052
1,0.6887648795552473
0,0.053931258071267266
0,0.05075254102228499
1,0.565272623310826
1,0.8144759513978544
1,0.9723558959223029
1,0.6672629687418415
0,0.40942867759845075
1,0.9142051076595693
1,0.5325364768560181
0,0.40173521991821415
0,0.02249286386588118
0,0.023195111723010937
0,0.21309849900113953
0,0.21326622317009464
1,0.8418373260804973
1,0.9032577413148244
0,0.050640599808923784
0,0.022640241651443693
0,0.0012569650206482644
1,0.9688429145292782
1,0.9588412308814707
0,0.001384423124559005
0,0.729441322957073
1,0.7413173308140802
1,0.9761690899864627
0,0.0033625527730998376
1,0.8628665169390988
1,0.9173885805884483
0,0.4909835268046399
1,0.6538249022814085
0,0.06841119217261146
0,0.0026020202602204563
0,0.0035370094193665613
1,0.9312293627686353
1,0.9212986768294916
0,0.022640241651443693
1,0.888021126683135
1,0.9116222580301144
0,0.02257946770574621
0,0.06696345130204631
0,0.8542672290901159
1,0.9148811027788928
0,0.8609413629566401
0,0.022284344602351916
0,0.4956638989793096
0,0.024102552111685514
0,0.524481932687206
1,0.8948234845312741
0,0.0514816481684502
1,0.494796058315273
1,0.908760375826662
0,0.2668037243225078
1,0.7610705792952503
1,0.659837659165341
0,0.05236628264650706
0,0.00442975529086642
0,0.0016906810776375321
0,0.13023867883517687
0,0.5350515821579939
0,0.2957868154400203
0,0.0015613418676214284
0,0.88329087965978
0,0.028438644648401953
1,0.5791478976036639
0,0.42652884522134
0,0.41128382927060486
1,0.8734084793971351
0,0.007443087242521992
0,0.0023830166436115516
0,0.44675099024259907
1,0.908060415630794
1,0.44452902648592985
1,0.5258812622794699
0,0.0025195639224252497
1,0.5724334692853404
0,0.42756187598576817
1,0.32227485216443313
1,0.9124534577068297
0,0.06225480035455484
1,0.982550332190072
1,0.9691220433121167
1,0.9177747414349136
1,0.9158645449658848
0,0.055229314133750464
1,0.5188811727359123
0,0.02416732416539978
1,0.6944168122949245
1,0.4698982186035203
1,0.8916080072623012
1,0.9253131761896113
0,0.23779721388342143
0,0.2668037243225078
1,0.6872879488946211
0,0.024090744591472087
1,0.9534196491110167
1,0.5879885232674484
0,0.37339671349479736
0,0.20979569019410488
0,0.2668037243225078
0,0.09001628864762118
0,0.3034238199660757
1,0.908548203666968
0,0.9148056595251155
0,0.02257946770574621
1,0.9159001404313102
0,0.7432902888626787
0,0.001623900906104523
0,0.0020545955187360456
1,0.8851401041842888
0,0.023115155088175042
1,0.5527133561316345
0,0.2675178231611315
1,0.9766886539002968
1,0.9453828769584959
1,0.9500649170659234
1,0.6842857230850746
1,0.8459751882232909
1,0.6820247621430231
1,0.551941666955651
1,0.6150096120283703
0,0.02257946770574621
1,0.9217160012374396
1,0.8812176140656597
0,0.9613903524479357
0,0.8548278808139753
1,0.6143006264824367
0,0.2675178231611315
0,0.005546636752010187
1,0.8829082236183033
1,0.916533389523419
0,0.05081575128416692
1,0.46203238196968205
1,0.5793954196217077
0,0.0020451193243573966
0,0.3193748792663901
0,0.22107415460567736
1,0.749636936376021
1,0.25482827556486715
1,0.9099060436635247
1,0.6261164984115477
1,0.6921323052610898
0,0.48449234760600945
1,0.9089657987383083
1,0.9579680821002418
0,0.5050357383828117
1,0.891787977896174
0,0.770046989160129
0,0.051170049199842825
0,0.0018820298985608276
1,0.4239050684024153
0,0.2668037243225078
0,0.2668037243225078
0,0.0007204725210867795
1,0.9630498480399531
1,0.8858128296441802
0,0.04118496395074406
1,0.6475742909647387
0,0.0022874101746554716
0,0.723108690328162
1,0.5318814978958487
1,0.7905091581346431
0,0.0036903853354383763
1,0.912290531934089
0,0.5003204778743772
0,0.4031156478912746
1,0.3317212737328251
0,0.6196407377834233
0,0.0022698974069104926
0,0.28324641854950094
1,0.6839847572599128
1,0.8798080736665633
1,0.47894051153601186
0,0.02488657658568578
0,0.2668037243225078
1,0.3123892424106659
0,0.400988506910115
1,0.6022054241790106
0,0.03613572379757342
0,0.9662032883506333
1,0.9824883069488765
0,0.007343269292795244
1,0.48212028414729213
0,0.024102552111685514
0,0.6925688431905916
0,0.05085135610608552
1,0.9285577496073473
1,0.9417479401234174
0,0.05081575128416692
1,0.9322570408387666
0,0.2675178231611315
1,0.9068313467921139
0,0.05478599523163076
